phrase;count;kind;seeds
пушкино парк;45393;assoc;пушкино площадка для свадьбы
дворец бракосочетания;31374;assoc;долина площадка для свадьбы | остров любви площадка для свадьбы | шервуд площадка для свадьбы | онегин площадка для свадьбы | о любви площадка для свадьбы | родина площадка для свадьбы | загородом площадка для свадьбы
новости коломны;30469;assoc;коломна площадка для свадьбы | в коломне площадка для свадьбы
сайт знакомств для серьезных отношений;27158;assoc;о любви площадка для свадьбы
любовь орлова;20309;assoc;остров любви площадка для свадьбы
русские горки;14729;assoc;русская сказка площадка для свадьбы
сайты знакомств для серьезных отношений бесплатные;10341;assoc;о любви площадка для свадьбы
софрино пушкино;10092;assoc;пушкино площадка для свадьбы
свадебные песни;8627;assoc;скайривер площадка для свадьбы
свадебный костюм;8490;assoc;родина площадка для свадьбы
15 лет какая свадьба;8326;assoc;хайт площадка для свадьбы
арена химки;7742;assoc;в химках площадка для свадьбы
коломенский кремль;7700;assoc;коломна площадка для свадьбы | в коломне площадка для свадьбы
стоматология химки;7566;assoc;в химках площадка для свадьбы
пушкинская площадь;7407;assoc;пушкин площадка для свадьбы
полицейский с рублевки все сезоны;6976;assoc;рублево успенское площадка для свадьбы
светлогорск калининград;6964;assoc;в калининграде площадка для свадьбы
дворец бракосочетания 1;6664;assoc;дивный лес площадка для свадьбы | долина площадка для свадьбы | светлица площадка для свадьбы | остров любви площадка для свадьбы | онегин площадка для свадьбы | о любви площадка для свадьбы | сенешаль площадка для свадьбы | без аренды площадка для свадьбы | с проживанием площадка для свадьбы | видное площадка для свадьбы | пушкин площадка для свадьбы | родина площадка для свадьбы | нептун площадка для свадьбы | загородом площадка для свадьбы | хайт площадка для свадьбы | амбар площадка для свадьбы | рублево успенское площадка для свадьбы
администрация химки;6268;assoc;в химках площадка для свадьбы
5 лет какая свадьба;6242;assoc;хайт площадка для свадьбы
18 лет какая свадьба;5919;assoc;в русском стиле площадка для свадьбы
18 лет свадьбы какая свадьба;5919;assoc;в русском стиле площадка для свадьбы
усадьба коломенское;5431;assoc;коломна площадка для свадьбы | в коломне площадка для свадьбы
коломенская усадьба;5431;assoc;коломна площадка для свадьбы | в коломне площадка для свадьбы
12 лет какая свадьба;5387;assoc;с проживанием площадка для свадьбы | хайт площадка для свадьбы | в русском стиле площадка для свадьбы
12 лет свадьбы какая свадьба;5387;assoc;русская сказка площадка для свадьбы | в русском стиле площадка для свадьбы
новости курска и курской;5216;assoc;курск площадка для свадьбы
смотреть полицейский с рублевки все сезоны;5208;assoc;рублево успенское площадка для свадьбы
с днем бракосочетания;5131;assoc;долина площадка для свадьбы | о любви площадка для свадьбы | без аренды площадка для свадьбы | с проживанием площадка для свадьбы | загородом площадка для свадьбы
ногинский суд московской области;5130;assoc;ногинск площадка для свадьбы
лемана про пушкино;4967;assoc;пушкино площадка для свадьбы
новости курска и курской области;4937;assoc;курск площадка для свадьбы
италия это;4858;assoc;в итальянском стиле площадка для свадьбы
ногинский городской суд московской области;4697;assoc;ногинск площадка для свадьбы
свадебные площадки;4626;assoc;авито площадка для свадьбы
изумрудный лес отель подмосковье;4611;assoc;зеленоград круглое озеро площадка для свадьбы
9 лет какая свадьба;4579;assoc;хайт площадка для свадьбы
поздравление со свадьбой своими словами;4530;assoc;русская сказка площадка для свадьбы
11 лет какая свадьба;4207;assoc;с проживанием площадка для свадьбы
богородский вал;3952;assoc;ногинск площадка для свадьбы
никсор химки;3882;assoc;в химках площадка для свадьбы
русский мост;3590;assoc;русская сказка площадка для свадьбы
свадебные украшения;3314;assoc;родина площадка для свадьбы
дворец бракосочетания 4;3289;assoc;шервуд площадка для свадьбы | онегин площадка для свадьбы | сенешаль площадка для свадьбы | видное площадка для свадьбы | пушкин площадка для свадьбы
выставки спб;3152;assoc;санкт петербург площадка для свадьбы
русско народный стиль;3149;assoc;в русском стиле площадка для свадьбы
петербургская биржа;3100;assoc;санкт петербург площадка для свадьбы
форум грибников подмосковья 2026;3047;assoc;зеленоград круглое озеро площадка для свадьбы
дворец бракосочетания no 1;2982;assoc;долина площадка для свадьбы | о любви площадка для свадьбы | без аренды площадка для свадьбы | с проживанием площадка для свадьбы | загородом площадка для свадьбы | амбар площадка для свадьбы
лемана про химки;2975;assoc;в химках площадка для свадьбы
свадебное путешествие;2907;assoc;панорама площадка для свадьбы | родина площадка для свадьбы
посмотри на небо как плывут облака;2772;assoc;sky river площадка для свадьбы | скай ривер площадка для свадьбы
made in italy;2598;assoc;в итальянском стиле площадка для свадьбы
взгляни на небо как плывут облака;2495;assoc;sky river площадка для свадьбы | скай ривер площадка для свадьбы
свадебный стол;2464;assoc;ботаника площадка для свадьбы
взгляни на небо посмотри как плывут облака;2366;assoc;sky river площадка для свадьбы | скай ривер площадка для свадьбы
ах эта свадьба пела и плясала;2362;assoc;русская сказка площадка для свадьбы | в русском стиле площадка для свадьбы
1 химкинский жк;2358;assoc;в химках площадка для свадьбы
митинский дворец бракосочетания;2317;assoc;онегин площадка для свадьбы | суханово площадка для свадьбы | видное площадка для свадьбы | родина площадка для свадьбы
тамбовская губерния;2248;assoc;тамбов площадка для свадьбы
стиль рустик;2001;assoc;в русском стиле площадка для свадьбы
дворец бракосочетания 3;1957;assoc;родина площадка для свадьбы
дворец бракосочетания 5;1912;assoc;ботаника площадка для свадьбы | онегин площадка для свадьбы | суханово площадка для свадьбы | родина площадка для свадьбы
свадебная церемония;1815;assoc;долина площадка для свадьбы | the sun площадка для свадьбы | светлица площадка для свадьбы | о любви площадка для свадьбы | без аренды площадка для свадьбы | с проживанием площадка для свадьбы | загородом площадка для свадьбы
новости симферополя;1747;assoc;симферополь площадка для свадьбы
черкизово пушкинский район;1712;assoc;пушкино площадка для свадьбы
с бракосочетанием своими словами;1706;assoc;без аренды площадка для свадьбы | с проживанием площадка для свадьбы
таганский дворец бракосочетания;1702;assoc;остров любви площадка для свадьбы | онегин площадка для свадьбы | суханово площадка для свадьбы | о любви площадка для свадьбы | пушкин площадка для свадьбы | родина площадка для свадьбы
парковки спб;1698;assoc;санкт петербург площадка для свадьбы
химки тайм;1695;assoc;в химках площадка для свадьбы
алешино пушкинский район;1684;assoc;пушкино площадка для свадьбы
автовокзал чебоксары;1587;assoc;чебоксары площадка для свадьбы
дворец бракосочетания вднх;1582;assoc;дивный лес площадка для свадьбы | остров любви площадка для свадьбы | шервуд площадка для свадьбы | онегин площадка для свадьбы | суханово площадка для свадьбы | родина площадка для свадьбы | нептун площадка для свадьбы
коломенское выставки;1514;assoc;коломна площадка для свадьбы | в коломне площадка для свадьбы
wedding day;1499;assoc;the sun площадка для свадьбы | с проживанием площадка для свадьбы | амбар площадка для свадьбы
дворец бракосочетания no 4;1392;assoc;онегин площадка для свадьбы | сенешаль площадка для свадьбы | видное площадка для свадьбы
курск 46;1370;assoc;курск площадка для свадьбы
афиша чебоксары;1353;assoc;чебоксары площадка для свадьбы
площадь калининграда;1348;assoc;в калининграде площадка для свадьбы
зефир коломенский;1307;assoc;коломна площадка для свадьбы | в коломне площадка для свадьбы
свадебный образ;1295;assoc;в итальянском стиле площадка для свадьбы
свадебные традиции;1274;assoc;hide площадка для свадьбы | шервуд площадка для свадьбы | ботаника площадка для свадьбы | панорама площадка для свадьбы | лермонтов площадка для свадьбы | родина площадка для свадьбы
смотреть полицейский с рублевки все сезоны подряд;1270;assoc;рублево успенское площадка для свадьбы
тишково пушкинский район;1266;assoc;пушкино площадка для свадьбы
новости дзержинска;1214;assoc;дзержинск площадка для свадьбы
новости ставрополь;1213;assoc;ставрополь площадка для свадьбы
музей усадьба коломенское;1186;assoc;коломна площадка для свадьбы | в коломне площадка для свадьбы
свадебный зал;1159;assoc;долина площадка для свадьбы | hide площадка для свадьбы | светлица площадка для свадьбы | онегин площадка для свадьбы | панорама площадка для свадьбы | родина площадка для свадьбы | загородом площадка для свадьбы | амбар площадка для свадьбы
свадебный банкет;1094;assoc;долина площадка для свадьбы | амбар площадка для свадьбы
новости железногорска курской;1067;assoc;курск площадка для свадьбы
автовокзал симферополь;1041;assoc;симферополь площадка для свадьбы
время в ставрополе;1018;assoc;ставрополь площадка для свадьбы
италия мода;988;assoc;в итальянском стиле площадка для свадьбы
рестораны саранск;982;assoc;саранск площадка для свадьбы
видеть себя в свадебном платье;978;assoc;hide площадка для свадьбы | амбар площадка для свадьбы
коломенский загс;954;assoc;коломна площадка для свадьбы | в коломне площадка для свадьбы
загс коломенское;954;assoc;коломна площадка для свадьбы | в коломне площадка для свадьбы
свадебные приглашения;945;assoc;шервуд площадка для свадьбы | ботаника площадка для свадьбы | панорама площадка для свадьбы
свадебный костюм для невесты;934;assoc;ботаника площадка для свадьбы | лермонтов площадка для свадьбы | родина площадка для свадьбы | амбар площадка для свадьбы
автовокзал ставрополь;922;assoc;ставрополь площадка для свадьбы
церемония бракосочетания;905;assoc;с проживанием площадка для свадьбы
пушкинская библиотека;893;assoc;пушкин площадка для свадьбы
новости кирова и кировской;891;assoc;киров площадка для свадьбы
свадебный сайт;887;assoc;авито площадка для свадьбы
российский аукционный дом;869;assoc;русская сказка площадка для свадьбы
дворец бракосочетания no 3;862;assoc;остров любви площадка для свадьбы
ногинское мороженое;852;assoc;ногинск площадка для свадьбы
жк ярославский квартал;826;assoc;отрадное площадка для свадьбы
афиша саранск;810;assoc;саранск площадка для свадьбы
иоасаф белгородский;809;assoc;белгород площадка для свадьбы
новости кирова и кировской области;804;assoc;киров площадка для свадьбы
скупка пушкино;794;assoc;пушкин площадка для свадьбы
аукцион спб;763;assoc;санкт петербург площадка для свадьбы
афиша ставрополь;726;assoc;ставрополь площадка для свадьбы
дворец бракосочетания no 5;722;assoc;долина площадка для свадьбы | остров любви площадка для свадьбы | ботаника площадка для свадьбы | суханово площадка для свадьбы | лермонтов площадка для свадьбы | загородом площадка для свадьбы | хайт площадка для свадьбы
песни под свадебный танец;718;assoc;скайривер площадка для свадьбы
цдши химки;706;assoc;в химках площадка для свадьбы
сон видеть себя в свадебном платье;700;assoc;нептун площадка для свадьбы
свадебные конкурсы;696;assoc;hide площадка для свадьбы | онегин площадка для свадьбы | панорама площадка для свадьбы | родина площадка для свадьбы | амбар площадка для свадьбы
му мвд ногинское;694;assoc;ногинск площадка для свадьбы
лавандовый брак это;693;assoc;о любви площадка для свадьбы
свадебная коллекция;679;assoc;the sun площадка для свадьбы | в итальянском стиле площадка для свадьбы | в русском стиле площадка для свадьбы
рублевский квартал жк самолет;672;assoc;рублево успенское площадка для свадьбы
свадебный фон;668;assoc;скайривер площадка для свадьбы
новости саранска и мордовии сегодня;667;assoc;саранск площадка для свадьбы
авиценна симферополь;659;assoc;симферополь площадка для свадьбы
автовокзал киров;642;assoc;киров площадка для свадьбы
свадебные песни слушать;625;assoc;скайривер площадка для свадьбы
полицейский с рублевки снова дома;618;assoc;рублево успенское площадка для свадьбы
свадебный организатор;617;assoc;с проживанием площадка для свадьбы
пансионат ногинский;617;assoc;ногинск площадка для свадьбы
дворец бракосочетания 5 москва;613;assoc;долина площадка для свадьбы | хайт площадка для свадьбы
свадебная клятва;605;assoc;лермонтов площадка для свадьбы | родина площадка для свадьбы
росско химки;601;assoc;в химках площадка для свадьбы
свадебная ночь;599;assoc;hide площадка для свадьбы | нептун площадка для свадьбы
каталог свадебных платьев;598;assoc;the sun площадка для свадьбы
дворец бракосочетания 1 санкт петербург;592;assoc;пушкин площадка для свадьбы
симферополь саки;571;assoc;симферополь площадка для свадьбы
типичные химки в вконтакте;556;assoc;в химках площадка для свадьбы
лав ру сайт знакомств для серьезных отношений;555;assoc;о любви площадка для свадьбы
богородское кладбище ногинский;555;assoc;ногинск площадка для свадьбы
дом весты свадебный салон;551;assoc;долина площадка для свадьбы | the sun площадка для свадьбы | светлица площадка для свадьбы | загородом площадка для свадьбы | амбар площадка для свадьбы | рублево успенское площадка для свадьбы
новогиреево электросталь;548;assoc;ногинск площадка для свадьбы
house for wedding;511;assoc;the sun площадка для свадьбы | с проживанием площадка для свадьбы | загородом площадка для свадьбы | амбар площадка для свадьбы
полицейский с рублевки без запикивания;505;assoc;рублево успенское площадка для свадьбы
кафе саранск;505;assoc;саранск площадка для свадьбы
свадебный вальс;502;assoc;скайривер площадка для свадьбы
купить квартиру в пушкинском районе московской области;500;assoc;пушкино площадка для свадьбы
глава тамбовской области;498;assoc;тамбов площадка для свадьбы
свадебный план;454;assoc;долина площадка для свадьбы | шервуд площадка для свадьбы | панорама площадка для свадьбы | родина площадка для свадьбы
подслушано озеры московской области свежие новости;449;assoc;зеленоград круглое озеро площадка для свадьбы
кейп свадебный;443;assoc;амбар площадка для свадьбы
авита квартиры;438;assoc;авито площадка для свадьбы
1й химкинский;429;assoc;в химках площадка для свадьбы
храм непорочного зачатия пресвятой девы марии москва;418;assoc;рублево успенское площадка для свадьбы
чумодан химки вк;413;assoc;в химках площадка для свадьбы
поздравления с бракосочетанием молодоженам;407;assoc;молоково площадка для свадьбы
дворец бракосочетания 1 в москве;403;assoc;долина площадка для свадьбы | без аренды площадка для свадьбы | с проживанием площадка для свадьбы
договор безвозмездного пользования жилым помещением образец;400;assoc;без аренды площадка для свадьбы
мероприятия в калининграде;399;assoc;в калининграде площадка для свадьбы
подслушано озеры московской области в контакте свежие;397;assoc;зеленоград круглое озеро площадка для свадьбы
чеб ру чебоксары;386;assoc;чебоксары площадка для свадьбы
как выглядит италия;384;assoc;в итальянском стиле площадка для свадьбы
садовод свадебный павильон;382;assoc;грин хаус площадка для свадьбы
свадебная вечеринка;370;assoc;шервуд площадка для свадьбы | нептун площадка для свадьбы
ногинский городской суд московской области официальный сайт;368;assoc;ногинск площадка для свадьбы
новости дзержинска нижегородской области;367;assoc;дзержинск площадка для свадьбы
свадебный шатер;354;assoc;нептун площадка для свадьбы
загс вднх дворец бракосочетания;336;assoc;онегин площадка для свадьбы | суханово площадка для свадьбы
стоматология пригород лесное;328;assoc;молоково площадка для свадьбы
tesera spa калининград;322;assoc;в калининграде площадка для свадьбы
новости спб и ленинградской;321;assoc;санкт петербург площадка для свадьбы
митинский дворец бракосочетания дубравная ул 48а фото;314;assoc;молоково площадка для свадьбы
свадебная мелодия;307;assoc;нептун площадка для свадьбы
собрание киров;302;assoc;киров площадка для свадьбы
новости мордовии и саранска на сегодня;297;assoc;саранск площадка для свадьбы
свадебный марш фильм;292;assoc;скайривер площадка для свадьбы
встречи спб;292;assoc;санкт петербург площадка для свадьбы
боевка курск;292;assoc;курск площадка для свадьбы
уютстрой симферополь;291;assoc;симферополь площадка для свадьбы
ногинский росп;289;assoc;ногинск площадка для свадьбы
договор безвозмездного пользования нежилым помещением;281;assoc;без аренды площадка для свадьбы
свадебное платье в русском стиле;279;assoc;лермонтов площадка для свадьбы | молоково площадка для свадьбы
свадебные платья спб;276;assoc;санкт петербург площадка для свадьбы
коломенский посад;272;assoc;коломна площадка для свадьбы | в коломне площадка для свадьбы
лавандовый брак что это;270;assoc;о любви площадка для свадьбы
мэр курска;270;assoc;курск площадка для свадьбы
новости обухово ногинский район;267;assoc;ногинск площадка для свадьбы
лагерь левково пушкинский район;267;assoc;пушкино площадка для свадьбы
свадебная музыка скачать;264;assoc;скайривер площадка для свадьбы
скачать свадебную музыку;264;assoc;скайривер площадка для свадьбы
свадебный образ невесты;257;assoc;в итальянском стиле площадка для свадьбы | в русском стиле площадка для свадьбы
свадебный центр вега;255;assoc;долина площадка для свадьбы | the sun площадка для свадьбы
кипу симферополь;255;assoc;симферополь площадка для свадьбы
забронировать беседку мос ру;249;assoc;без аренды площадка для свадьбы
дзержинский городской суд нижегородской области;249;assoc;дзержинск площадка для свадьбы
посмотри на небо как плывут облака слушать;247;assoc;sky river площадка для свадьбы | скай ривер площадка для свадьбы
санаторий правда пушкинский район московской области;245;assoc;пушкино площадка для свадьбы
свадебный марш смотреть онлайн бесплатно;245;assoc;скайривер площадка для свадьбы
спа хвоя лесной городок;243;assoc;дивный лес площадка для свадьбы
богородское кладбище ногинский район официальный сайт;243;assoc;ногинск площадка для свадьбы
витамед пригород лесное;242;assoc;молоково площадка для свадьбы
митинский дворец бракосочетания зеркальный зал;241;assoc;сенешаль площадка для свадьбы
wedding post;238;assoc;амбар площадка для свадьбы
дворец бракосочетания номер 1;235;assoc;онегин площадка для свадьбы | лермонтов площадка для свадьбы | нептун площадка для свадьбы
дом весты свадебный салон москва;232;assoc;the sun площадка для свадьбы | амбар площадка для свадьбы
жарим вкусно озеры;230;assoc;зеленоград круглое озеро площадка для свадьбы
автостанция ставрополь;229;assoc;ставрополь площадка для свадьбы
автовокзал спб;228;assoc;санкт петербург площадка для свадьбы
дивный лес площадка для свадьбы;219;top;дивный лес площадка для свадьбы
свадебный декоратор;219;assoc;светлица площадка для свадьбы
cheb ru чебоксары;215;assoc;чебоксары площадка для свадьбы
свадьба в стиле горько;212;assoc;красная поляна площадка для свадьбы
свадебные даты;209;assoc;the sun площадка для свадьбы | с проживанием площадка для свадьбы
1 химкинский жк 1дск;208;assoc;в химках площадка для свадьбы
загс курск;204;assoc;курск площадка для свадьбы
белгородский гау;202;assoc;белгород площадка для свадьбы
сейм курск;200;assoc;курск площадка для свадьбы
дворец бракосочетания в коломенском;199;assoc;коломна площадка для свадьбы | в коломне площадка для свадьбы
администрация тамбовского муниципального округа тамбовской области;198;assoc;тамбов площадка для свадьбы
база отдыха белгородская область;198;assoc;белгород площадка для свадьбы
спа киров;194;assoc;киров площадка для свадьбы
свадебный павильон в коломенском;193;assoc;коломна площадка для свадьбы | в коломне площадка для свадьбы | молоково площадка для свадьбы
автостанция курортная симферополь;193;assoc;симферополь площадка для свадьбы
бронирование беседок мос ру;190;assoc;без аренды площадка для свадьбы
ногинский свайный завод;189;assoc;ногинск площадка для свадьбы
усадьба курск;188;assoc;курск площадка для свадьбы
день города спб;186;assoc;санкт петербург площадка для свадьбы
ярмарка чебоксары;181;assoc;чебоксары площадка для свадьбы
база отдыха тамбовская область;179;assoc;тамбов площадка для свадьбы
свадебно рф;178;assoc;с проживанием площадка для свадьбы
долина площадка для свадьбы;177;top;долина площадка для свадьбы
свадебные шрифты;177;assoc;скайривер площадка для свадьбы
american wedding;176;assoc;амбар площадка для свадьбы
поспрашивай жердевка тамбовской области;170;assoc;тамбов площадка для свадьбы
жердевка тамбовская поспрашивай;170;assoc;тамбов площадка для свадьбы
свадебный портал;169;assoc;с проживанием площадка для свадьбы | русская сказка площадка для свадьбы | загородом площадка для свадьбы | хайт площадка для свадьбы
усадьба пушкина в подмосковье;169;assoc;пушкино площадка для свадьбы
hide площадка для свадьбы;168;top;hide площадка для свадьбы
декор свадебного стола;166;assoc;ботаника площадка для свадьбы
коломенский росп;166;assoc;коломна площадка для свадьбы | в коломне площадка для свадьбы
тамбовский зефир;161;assoc;тамбов площадка для свадьбы
свадебные приглашения онлайн;160;assoc;hide площадка для свадьбы | панорама площадка для свадьбы | авито площадка для свадьбы
свадебная газета;154;assoc;лермонтов площадка для свадьбы | загородом площадка для свадьбы
тамбовский автовокзал;153;assoc;тамбов площадка для свадьбы
ньюслер киров;149;assoc;киров площадка для свадьбы
ostrovok ru официальный сайт бронирование;147;assoc;без аренды площадка для свадьбы
тамбовская областная дума;145;assoc;тамбов площадка для свадьбы
как выглядят итальянцы;144;assoc;в итальянском стиле площадка для свадьбы
новости рассказово тамбовской области;143;assoc;тамбов площадка для свадьбы
выездная церемония бракосочетания;141;assoc;загородом площадка для свадьбы
каршеринг в калининграде и калининградской области;139;assoc;в калининграде площадка для свадьбы
мод на уцц;138;assoc;в итальянском стиле площадка для свадьбы
самые красивые города италии;136;assoc;в итальянском стиле площадка для свадьбы
свадебный марш ноты;136;assoc;скайривер площадка для свадьбы
resale саранск;136;assoc;саранск площадка для свадьбы
грин хаус площадка для свадьбы;135;top;грин хаус площадка для свадьбы
дворец бракосочетания 1 спб;135;assoc;пушкин площадка для свадьбы
мордовское подворье саранск;128;assoc;саранск площадка для свадьбы
дом невесты свадебный салон;126;assoc;the sun площадка для свадьбы | с проживанием площадка для свадьбы
чебоксары это чувашия;126;assoc;чебоксары площадка для свадьбы
ас спб и ло;126;assoc;санкт петербург площадка для свадьбы
загс саранск;126;assoc;саранск площадка для свадьбы
договор безвозмездного пользования жилым помещением образец 2026;125;assoc;без аренды площадка для свадьбы
разводка мостов спб;124;assoc;санкт петербург площадка для свадьбы
the sun площадка для свадьбы;122;top;the sun площадка для свадьбы
свадебный салон спб;121;assoc;пушкин площадка для свадьбы | санкт петербург площадка для свадьбы
декоративные деревья для сада многолетние зимостойкие;120;assoc;дивный лес площадка для свадьбы
обручение сайт православных знакомств;118;assoc;о любви площадка для свадьбы
лесное поместье;117;assoc;дивный лес площадка для свадьбы
пригородный автовокзал чебоксары;117;assoc;чебоксары площадка для свадьбы
wed wed свадебный сервис;115;assoc;долина площадка для свадьбы | the sun площадка для свадьбы | светлица площадка для свадьбы | без аренды площадка для свадьбы | загородом площадка для свадьбы | амбар площадка для свадьбы
новости льгова курской области;114;assoc;курск площадка для свадьбы
российские дни дизайна и архитектуры;113;assoc;в русском стиле площадка для свадьбы
свадебный образ жениха;112;assoc;светлица площадка для свадьбы | в русском стиле площадка для свадьбы
купава киров;112;assoc;киров площадка для свадьбы
свадебные образы 2026;111;assoc;в итальянском стиле площадка для свадьбы
свадебные песни список;110;assoc;долина площадка для свадьбы | the sun площадка для свадьбы | с проживанием площадка для свадьбы | русская сказка площадка для свадьбы | хайт площадка для свадьбы
свадебная прическа на каре;106;assoc;скайривер площадка для свадьбы
остров любви площадка для свадьбы;105;top;остров любви площадка для свадьбы
поздравить молодоженов с бракосочетанием;105;assoc;сенешаль площадка для свадьбы | лермонтов площадка для свадьбы | нептун площадка для свадьбы
барвиха лаунж коломенская;102;assoc;коломна площадка для свадьбы | в коломне площадка для свадьбы
новости уварово тамбовская область;101;assoc;тамбов площадка для свадьбы
романтический гостевой дом дорама;98;assoc;остров любви площадка для свадьбы
администрация ярославского муниципального района;98;assoc;отрадное площадка для свадьбы
оформление свадебного зала;96;assoc;hide площадка для свадьбы | грин хаус площадка для свадьбы | онегин площадка для свадьбы
отель пересвет русские сезоны московская область;95;assoc;молоково площадка для свадьбы
свадебные традиции в россии;94;assoc;hide площадка для свадьбы | светлица площадка для свадьбы | суханово площадка для свадьбы | лермонтов площадка для свадьбы | русская сказка площадка для свадьбы | родина площадка для свадьбы | загородом площадка для свадьбы | амбар площадка для свадьбы
свадебная клятва невесты;94;assoc;лермонтов площадка для свадьбы
автосфера киров;94;assoc;киров площадка для свадьбы
южное дерево семейства ильмовых кроссворд;93;assoc;дивный лес площадка для свадьбы
полицейский с рублевки премьер;92;assoc;рублево успенское площадка для свадьбы
полицейский с рублевки смотреть без блюра;91;assoc;рублево успенское площадка для свадьбы
белгородский областной суд белгородской области;91;assoc;белгород площадка для свадьбы
поздравления с бракосочетанием молодоженам своими словами;90;assoc;остров любви площадка для свадьбы | видное площадка для свадьбы
свадебный алтарь;90;assoc;ботаника площадка для свадьбы | сенешаль площадка для свадьбы | нептун площадка для свадьбы
дева 26 ставрополь;90;assoc;ставрополь площадка для свадьбы
лав форевер свадебный салон москва;89;assoc;sky river площадка для свадьбы
свадебная музыка в загсе;88;assoc;скайривер площадка для свадьбы
свадебные бокалы для жениха и невесты;87;assoc;скайривер площадка для свадьбы
свадебное поздравление молодоженам своими словами;86;assoc;ботаника площадка для свадьбы | суханово площадка для свадьбы | видное площадка для свадьбы
дьяково городище в коломенском;86;assoc;коломна площадка для свадьбы | в коломне площадка для свадьбы
турбаза молодость подмосковье;85;assoc;зеленоград круглое озеро площадка для свадьбы
дева 26 ставрополь официальный;85;assoc;ставрополь площадка для свадьбы
дом мод чебоксары;83;assoc;чебоксары площадка для свадьбы
свадебная церемония ученого рю;82;assoc;the sun площадка для свадьбы | хайт площадка для свадьбы
русские свадебные традиции;82;assoc;ботаника площадка для свадьбы | суханово площадка для свадьбы
над землей бушуют травы облака плывут как;79;assoc;sky river площадка для свадьбы
митинский загс москвы официальный сайт;79;assoc;отрадное площадка для свадьбы
продажа домов в белгородской области;79;assoc;белгород площадка для свадьбы
медиз саранск;79;assoc;саранск площадка для свадьбы
время в италии сейчас разница с москвой;76;assoc;в итальянском стиле площадка для свадьбы
свадебный угар смотреть онлайн;76;assoc;скайривер площадка для свадьбы
свадебный центр вега москва;74;assoc;the sun площадка для свадьбы
кубик ставрополь;74;assoc;ставрополь площадка для свадьбы
свадебные платья курск;73;assoc;курск площадка для свадьбы
полицейский с рублевки без запикивания смотреть бесплатно;73;assoc;рублево успенское площадка для свадьбы
бересклет вечнозеленый;72;assoc;дивный лес площадка для свадьбы
свадебная арка своими руками;72;assoc;hide площадка для свадьбы | светлица площадка для свадьбы
небо лаунж москва сити;71;assoc;скай ривер площадка для свадьбы
дворец бракосочетания пушкин;71;assoc;пушкино площадка для свадьбы
american wedding frank ocean;70;assoc;грин хаус площадка для свадьбы | скай ривер площадка для свадьбы
дословная выдержка из текста кроссворд;69;assoc;дивный лес площадка для свадьбы
шервуд площадка для свадьбы;69;top;шервуд площадка для свадьбы
смотреть фильм свадебный угар;69;assoc;скайривер площадка для свадьбы
белгородская областная дума;69;assoc;белгород площадка для свадьбы
что случилось в чебоксарах;67;assoc;чебоксары площадка для свадьбы
флеболог спб;66;assoc;санкт петербург площадка для свадьбы
идеальное любовное фиаско;65;assoc;о любви площадка для свадьбы
хмель и гриль ярославль;65;assoc;зеленоград круглое озеро площадка для свадьбы
первый дворец бракосочетания санкт петербурга;64;assoc;пушкин площадка для свадьбы
васабист симферополь;64;assoc;симферополь площадка для свадьбы
как отвязать номер от кошелька авито;63;assoc;авито площадка для свадьбы
новобогородское кладбище ногинский район официальный сайт;62;assoc;ногинск площадка для свадьбы
культ саранск;61;assoc;саранск площадка для свадьбы
главснаб дзержинск;60;assoc;дзержинск площадка для свадьбы
государственный реестр объектов размещения отходов;59;assoc;долина площадка для свадьбы
довиль московская область одинцово озерная улица фото;59;assoc;зеленоград круглое озеро площадка для свадьбы
выкуп за невесту на руси;58;assoc;русская сказка площадка для свадьбы
wedding awards russia;57;assoc;русская сказка площадка для свадьбы | загородом площадка для свадьбы | амбар площадка для свадьбы
горько сайт свадебный;57;assoc;загородом площадка для свадьбы | авито площадка для свадьбы
куприт киров;55;assoc;киров площадка для свадьбы
деревня моя деревянная дальняя текст песни;54;assoc;дивный лес площадка для свадьбы
бельэтаж киров;54;assoc;киров площадка для свадьбы
нвс ставрополь;54;assoc;ставрополь площадка для свадьбы
онегин площадка для свадьбы;53;top;онегин площадка для свадьбы
горгаз ставрополь;53;assoc;ставрополь площадка для свадьбы
forest dew свадебная площадка;53;assoc;красная поляна площадка для свадьбы
свадебный образ невесты 2026;52;assoc;долина площадка для свадьбы | the sun площадка для свадьбы | светлица площадка для свадьбы | без аренды площадка для свадьбы | в итальянском стиле площадка для свадьбы | в русском стиле площадка для свадьбы
пандориум симферополь;52;assoc;симферополь площадка для свадьбы
дворцы бракосочетания в спб;50;assoc;пушкин площадка для свадьбы
свадебные конкурсы для гостей;49;assoc;hide площадка для свадьбы | грин хаус площадка для свадьбы | шервуд площадка для свадьбы | сенешаль площадка для свадьбы | нептун площадка для свадьбы | авито площадка для свадьбы
амп западной арктики;49;assoc;отрадное площадка для свадьбы
свадебный макияж для невесты 2026;49;assoc;суханово площадка для свадьбы
как выглядит флаг италии;49;assoc;в итальянском стиле площадка для свадьбы
качнется купол неба большой и звездно снежный;48;assoc;sky river площадка для свадьбы
роща невест курск;48;assoc;курск площадка для свадьбы
weddingpost ru;48;assoc;амбар площадка для свадьбы
кто такой андрей рублев;48;assoc;рублево успенское площадка для свадьбы
сана платформа;47;assoc;the sun площадка для свадьбы
взгляни на небо там плывут облака;47;assoc;sky river площадка для свадьбы
скачать игру свадебный переполох;47;assoc;скайривер площадка для свадьбы
сонник свадебное платье на себе;47;assoc;нептун площадка для свадьбы
телепрограмма на сегодня дзержинск нижегородской области;47;assoc;дзержинск площадка для свадьбы
avito app store;46;assoc;авито площадка для свадьбы
свадебная газета шаблон;45;assoc;отрадное площадка для свадьбы
загс пушкинского района;45;assoc;пушкин площадка для свадьбы | пушкино площадка для свадьбы
пробки симферополь;45;assoc;симферополь площадка для свадьбы
личи свадебная коллекция;44;assoc;the sun площадка для свадьбы | в итальянском стиле площадка для свадьбы | в русском стиле площадка для свадьбы
вывоз мусора симферополь;44;assoc;симферополь площадка для свадьбы
хвойное южное дерево в виде свечки кроссворд;43;assoc;дивный лес площадка для свадьбы
гарден фореста ландшафтный дизайн;43;assoc;дивный лес площадка для свадьбы
конструктор свадебных приглашений;43;assoc;ботаника площадка для свадьбы | суханово площадка для свадьбы | панорама площадка для свадьбы
sky river площадка для свадьбы;43;top;sky river площадка для свадьбы
lichi свадебная коллекция;42;assoc;the sun площадка для свадьбы | в русском стиле площадка для свадьбы
свадебный салон чебоксары;42;assoc;чебоксары площадка для свадьбы
зап 82 симферополь;42;assoc;симферополь площадка для свадьбы
порция сена дров или хвороста кроссворд;41;assoc;дивный лес площадка для свадьбы
ландшафтный дерновый покров кроссворд;41;assoc;дивный лес площадка для свадьбы
дворец бракосочетаний багт кошги;41;assoc;шервуд площадка для свадьбы | онегин площадка для свадьбы | родина площадка для свадьбы
свадебный салон курск;41;assoc;курск площадка для свадьбы
обстановка располагающая к проявлению любовных отношений;40;assoc;о любви площадка для свадьбы
все свое ношу с собой на латыни;40;assoc;в итальянском стиле площадка для свадьбы
лесное поместье база;39;assoc;дивный лес площадка для свадьбы
july bride свадебный салон;39;assoc;hide площадка для свадьбы | светлица площадка для свадьбы | суханово площадка для свадьбы
содержанки спб;39;assoc;санкт петербург площадка для свадьбы
отрадное площадка для свадьбы;38;top;отрадное площадка для свадьбы
свадебное приглашение онлайн создать бесплатно;37;assoc;hide площадка для свадьбы | отрадное площадка для свадьбы | видное площадка для свадьбы | панорама площадка для свадьбы | авито площадка для свадьбы
king town grand hotel wedding center;37;assoc;грин хаус площадка для свадьбы
сдать отчет ефс 1 через сайт сфр;37;assoc;без аренды площадка для свадьбы
куда сходить в зеленоградске калининградской области;37;assoc;в калининграде площадка для свадьбы
суханово площадка для свадьбы;36;top;суханово площадка для свадьбы
электронная регистратура чебоксары;36;assoc;чебоксары площадка для свадьбы
площадки для свадьбы санкт петербург;36;top;санкт петербург площадка для свадьбы
как установить моды на ready or not;35;assoc;в итальянском стиле площадка для свадьбы
ордер дзержинск;35;assoc;дзержинск площадка для свадьбы
на далеком холме средь деревьев и скал;34;assoc;дивный лес площадка для свадьбы
про город чебоксары в контакте;34;assoc;чебоксары площадка для свадьбы
мфл курск;34;assoc;курск площадка для свадьбы
валдберис интернет магазин дзержинск нижегородской области;34;assoc;дзержинск площадка для свадьбы
klops ru калининград;32;assoc;в калининграде площадка для свадьбы
avito parser;31;assoc;авито площадка для свадьбы
тамбовская городская дума;30;assoc;тамбов площадка для свадьбы
загс железногорск курская область;30;assoc;курск площадка для свадьбы
площадка для свадьбы ботаника;29;top;ботаника площадка для свадьбы
добрыня киров;29;assoc;киров площадка для свадьбы
наумовка белгородская область;29;assoc;белгород площадка для свадьбы
смотри на небо как плывут облака слушать;28;assoc;sky river площадка для свадьбы
русдосуг спб;28;assoc;санкт петербург площадка для свадьбы
planning wedding сайт;27;assoc;долина площадка для свадьбы | о любви площадка для свадьбы
кто написал свадебный марш;27;assoc;долина площадка для свадьбы | the sun площадка для свадьбы | светлица площадка для свадьбы | ботаника площадка для свадьбы | сенешаль площадка для свадьбы | с проживанием площадка для свадьбы | видное площадка для свадьбы | панорама площадка для свадьбы | лермонтов площадка для свадьбы | русская сказка площадка для свадьбы | загородом площадка для свадьбы | хайт площадка для свадьбы | в русском стиле площадка для свадьбы | амбар площадка для свадьбы
оформление свадебного стола жениха и невесты;27;assoc;светлица площадка для свадьбы | ботаника площадка для свадьбы | лермонтов площадка для свадьбы
обстановка располагающая к проявлению любовных отношений кроссворд;27;assoc;о любви площадка для свадьбы
ютвуд чебоксары;27;assoc;чебоксары площадка для свадьбы
cheb ru чебоксары новости;27;assoc;чебоксары площадка для свадьбы
свадебный салон калининград;27;assoc;в калининграде площадка для свадьбы
где вкусно поесть в зеленоградске калининградской области;27;assoc;в калининграде площадка для свадьбы
поздравления с бракосочетанием молодоженам своими словами красивые;26;assoc;светлица площадка для свадьбы | остров любви площадка для свадьбы | видное площадка для свадьбы | загородом площадка для свадьбы
свадебные прически для невесты 2026;26;assoc;сенешаль площадка для свадьбы
дзержинский городской суд нижегородской области официальный сайт;26;assoc;дзержинск площадка для свадьбы
продокторов ставрополь;26;assoc;ставрополь площадка для свадьбы
о любви площадка для свадьбы;25;top;о любви площадка для свадьбы
свадебные конкурсы для гостей прикольные без тамады;25;assoc;сенешаль площадка для свадьбы | панорама площадка для свадьбы
акционерное общество российский аукционный дом;25;assoc;русская сказка площадка для свадьбы
дворец бракосочетания киров;25;assoc;киров площадка для свадьбы
дивный лес площадка для свадьбы красногорск;24;top;дивный лес площадка для свадьбы
фон для свадебного приглашения;24;assoc;шервуд площадка для свадьбы | ботаника площадка для свадьбы | онегин площадка для свадьбы | отрадное площадка для свадьбы | панорама площадка для свадьбы | авито площадка для свадьбы
новости умета тамбовской области;24;assoc;тамбов площадка для свадьбы
саммер джем саранск;24;assoc;саранск площадка для свадьбы
сенешаль площадка для свадьбы;23;top;сенешаль площадка для свадьбы
администрация дзержинска нижегородской области официальный сайт;23;assoc;дзержинск площадка для свадьбы
сфс симферополь;22;assoc;симферополь площадка для свадьбы
однт киров;22;assoc;киров площадка для свадьбы
свадебная песня в загсе тутуту;21;assoc;скайривер площадка для свадьбы
светлица площадка для свадьбы;20;top;светлица площадка для свадьбы
как закончить свадебную церемонию в симс 4;20;assoc;шервуд площадка для свадьбы | сенешаль площадка для свадьбы | видное площадка для свадьбы
g8 калининград;20;assoc;в калининграде площадка для свадьбы
что говорят в загсе при бракосочетании текст;19;assoc;лермонтов площадка для свадьбы
пробки ставрополь;19;assoc;ставрополь площадка для свадьбы
ставроссмед ставрополь;19;assoc;ставрополь площадка для свадьбы
the wedding mix up дорама;18;assoc;грин хаус площадка для свадьбы
сделать свадебное приглашение онлайн бесплатно;18;assoc;отрадное площадка для свадьбы | видное площадка для свадьбы | панорама площадка для свадьбы | нептун площадка для свадьбы | авито площадка для свадьбы
площадка для свадьбы с проживанием;18;top;с проживанием площадка для свадьбы
видное площадка для свадьбы;18;top;видное площадка для свадьбы
свадебный салон симферополь;18;assoc;лермонтов площадка для свадьбы | симферополь площадка для свадьбы
подслушано дзержинск нижегородская область;18;assoc;дзержинск площадка для свадьбы
шагаровка белгородская область;18;assoc;белгород площадка для свадьбы
кенигсбергский собор калининград;18;assoc;в калининграде площадка для свадьбы
медийное место ставрополь;18;assoc;ставрополь площадка для свадьбы
зап82 симферополь;17;assoc;симферополь площадка для свадьбы
seashell wedding свадебный салон;16;assoc;hide площадка для свадьбы | грин хаус площадка для свадьбы | сенешаль площадка для свадьбы
площадки для свадьбы ногинск;16;top;ногинск площадка для свадьбы
сп калининград;16;assoc;в калининграде площадка для свадьбы
доска позора саранска и мордовии;16;assoc;саранск площадка для свадьбы
свадебные салоны саранск;16;assoc;саранск площадка для свадьбы
площадка для свадьбы без аренды;15;top;без аренды площадка для свадьбы
скай ривер площадка для свадьбы;15;top;скай ривер площадка для свадьбы
панорама площадка для свадьбы;15;top;панорама площадка для свадьбы
симферопольский форум;14;assoc;симферополь площадка для свадьбы
свадебный салон киров;14;assoc;киров площадка для свадьбы
как завершить свадебную церемонию в симс 4;13;assoc;грин хаус площадка для свадьбы | сенешаль площадка для свадьбы | видное площадка для свадьбы | нептун площадка для свадьбы
падел курск;13;assoc;курск площадка для свадьбы
автомолл белгородский;13;assoc;белгород площадка для свадьбы
дерево с дрожащими листьями кроссворд;12;assoc;дивный лес площадка для свадьбы
вечнозеленое дерево остролист кроссворд;12;assoc;дивный лес площадка для свадьбы
dawn clouds river;12;assoc;скай ривер площадка для свадьбы
площадка для свадьбы в коломне;12;top;коломна площадка для свадьбы | в коломне площадка для свадьбы
площадка для свадьбы чебоксары;12;top;чебоксары площадка для свадьбы
автология киров;12;assoc;киров площадка для свадьбы
площадки для свадьбы курск;12;top;курск площадка для свадьбы
администрация борисоглебского муниципального округа ярославской области;11;assoc;отрадное площадка для свадьбы
площадки для свадьбы в итальянском стиле;11;top;в итальянском стиле площадка для свадьбы
площадка для свадьбы пушкино;11;top;пушкино площадка для свадьбы
сдкис ставрополь;11;assoc;ставрополь площадка для свадьбы
hide площадка для свадьбы цена;10;top;hide площадка для свадьбы
площадка для свадьбы пушкин;10;top;пушкин площадка для свадьбы
загс пушкинского района санкт петербурга;10;assoc;пушкин площадка для свадьбы
скайривер площадка для свадьбы;10;top;скайривер площадка для свадьбы
свадебный салон шахты;10;assoc;лермонтов площадка для свадьбы
дворец бракосочетания саранск;10;assoc;молоково площадка для свадьбы | саранск площадка для свадьбы
новости саранска и мордовии в контакте;10;assoc;саранск площадка для свадьбы
серыми тучами небо затянуто текст;9;assoc;скай ривер площадка для свадьбы
лермонтов площадка для свадьбы;9;top;лермонтов площадка для свадьбы
свадебный салон новороссийск;9;assoc;лермонтов площадка для свадьбы
русская сказка площадка для свадьбы;9;top;русская сказка площадка для свадьбы
родина площадка для свадьбы;9;top;родина площадка для свадьбы
объединенный ломбард спб;9;assoc;санкт петербург площадка для свадьбы
zap82 симферополь;9;assoc;симферополь площадка для свадьбы
гибдд курск официальный сайт курск;9;assoc;курск площадка для свадьбы
новости богородска нижегородской области;9;assoc;дзержинск площадка для свадьбы
фф31 белгородская;9;assoc;белгород площадка для свадьбы
длб калининград;9;assoc;в калининграде площадка для свадьбы
bus13 ru саранск;9;assoc;саранск площадка для свадьбы
министерство имущественных отношений ярославской области официальный сайт;8;assoc;отрадное площадка для свадьбы
дворец обручальных колец спб;8;assoc;пушкин площадка для свадьбы
нептун площадка для свадьбы;8;top;нептун площадка для свадьбы
площадка для свадьбы загородом;8;top;загородом площадка для свадьбы
свадебный каравай фото для встречи молодых;8;assoc;молоково площадка для свадьбы
фф31 белгородская региональная;8;assoc;белгород площадка для свадьбы
hide москва площадка для свадьбы;7;top;hide площадка для свадьбы
дворянка свадебный салон;7;assoc;hide площадка для свадьбы | суханово площадка для свадьбы | лермонтов площадка для свадьбы
b2bostrovok ru бронирование отелей;7;assoc;без аренды площадка для свадьбы
внир чебоксары;7;assoc;чебоксары площадка для свадьбы
площадка для свадьбы в химках;7;top;в химках площадка для свадьбы
собрание киров пристанская;7;assoc;киров площадка для свадьбы
площадки для свадьбы тамбов;7;top;тамбов площадка для свадьбы
росско ставрополь;7;assoc;ставрополь площадка для свадьбы
лаво ставрополь;7;assoc;ставрополь площадка для свадьбы
министерство дорожного хозяйства ярославской области официальный сайт;6;assoc;отрадное площадка для свадьбы
площадки для свадьбы крестовский остров санкт петербург;6;top;санкт петербург площадка для свадьбы
молоково площадка для свадьбы;6;top;молоково площадка для свадьбы
площадка для свадьбы симферополь;6;top;симферополь площадка для свадьбы
нарядница симферополь;6;assoc;симферополь площадка для свадьбы
хайт площадка для свадьбы;6;top;хайт площадка для свадьбы
зеленоград круглое озеро площадка для свадьбы;6;top;зеленоград круглое озеро площадка для свадьбы
площадка для свадьбы киров;6;top;киров площадка для свадьбы
площадки для свадьбы в подмосковье с проживанием;5;top;с проживанием площадка для свадьбы
министерство сельского хозяйства владимирской области официальный сайт;5;assoc;молоково площадка для свадьбы
пооода в симферополе;5;assoc;симферополь площадка для свадьбы
площадка для свадьбы в русском стиле;5;top;в русском стиле площадка для свадьбы
администрация города железногорска курской области официальный сайт;5;assoc;курск площадка для свадьбы
лалавто в калининграде;5;assoc;в калининграде площадка для свадьбы
шервудский лес форум;4;assoc;шервуд площадка для свадьбы
jully bride свадебный салон спб;4;assoc;пушкин площадка для свадьбы
минсельхоз смоленской области официальный сайт;4;assoc;молоково площадка для свадьбы
сергей захаров ярославль 50 лет;4;assoc;зеленоград круглое озеро площадка для свадьбы
много рыбы ул свободы 52 ярославль отзывы;4;assoc;зеленоград круглое озеро площадка для свадьбы
амбар площадка для свадьбы;4;top;амбар площадка для свадьбы
рублево успенское площадка для свадьбы;4;top;рублево успенское площадка для свадьбы
свадебный салон ставрополь;4;assoc;ставрополь площадка для свадьбы
зал модерн дворец бракосочетания новосибирск;3;assoc;грин хаус площадка для свадьбы
росломбард железногорск курская область;3;assoc;курск площадка для свадьбы
сигнал интернет железногорск курской;3;assoc;курск площадка для свадьбы
площадка для свадьбы дзержинск;3;top;дзержинск площадка для свадьбы
новости богородска нижегородской области на сегодня;3;assoc;дзержинск площадка для свадьбы
площадка для свадьбы белгород;3;top;белгород площадка для свадьбы
белгородстат белгородской области официальный сайт;3;assoc;белгород площадка для свадьбы
территориальный фонд омс ярославской области официальный сайт;2;assoc;отрадное площадка для свадьбы
министерство строительства ярославской области официальный сайт;2;assoc;отрадное площадка для свадьбы
сфл спб;2;assoc;санкт петербург площадка для свадьбы
бустайм киров;2;assoc;киров площадка для свадьбы
площадка для свадьбы в калининграде;2;top;в калининграде площадка для свадьбы
площадка для свадьбы ставрополь;2;top;ставрополь площадка для свадьбы
1777 новости ставрополя и ставропольского края;2;assoc;ставрополь площадка для свадьбы
авито площадка для свадьбы;2;top;авито площадка для свадьбы
содержанки саранск;2;assoc;саранск площадка для свадьбы
мордовское болото саранск;2;assoc;саранск площадка для свадьбы
автоспасатель киров;1;assoc;киров площадка для свадьбы
россети богородск нижегородская область телефон;1;assoc;дзержинск площадка для свадьбы
площадка для свадьбы красная поляна;1;top;красная поляна площадка для свадьбы
площадка для свадьбы саранск;1;top;саранск площадка для свадьбы